Wall Clock,Time,Iteration,Deflection,Total Weight,Bar Number
12.3096,0.0255,0,0.00067147,111.641,10503
24.5138,0.0505,1,0.000671809,106.124,10503
