Time,Iteration,Deflection,Total Weight,Bar Number
9.35084e+252,0,0.00437028,77.5968,4115
9.35084e+252,1,0.00622893,69.8171,3704
